
-- KLİNİKLER
INSERT INTO KLINIKLER VALUES
(630, 'Göz');
INSERT INTO KLINIKLER VALUES
(821, 'Üroloji');
INSERT INTO KLINIKLER VALUES
(590, 'Ortopedi');
INSERT INTO KLINIKLER VALUES
(950, 'Psikiyatri');

-- DOKTORLAR
INSERT INTO DOKTORLAR VALUES
(11765432107, 'James', 'Bond', 630, 'Bond1234', '1234');
INSERT INTO DOKTORLAR VALUES
(11763423569, 'Veli', 'Çınar', 821, 'Veli1234', '1234');
INSERT INTO DOKTORLAR VALUES
(11947285642, 'John', 'Wick', 590, 'John1234', '1234');
INSERT INTO DOKTORLAR VALUES
(11736213544, 'Kemal', 'Sunal', 950, 'Kemal1234', '1234');

-- KAYITLI HASTALAR
INSERT INTO KAYITLI_HASTALAR VALUES
(11030405623, 'Amet', 'Yurt', '1');
INSERT INTO KAYITLI_HASTALAR VALUES
(11392841221, 'Kemal', 'Elmas', '0');
INSERT INTO KAYITLI_HASTALAR VALUES
(11992723812, 'Ismail', 'Güneş', '0');
INSERT INTO KAYITLI_HASTALAR VALUES
(11123521103, 'Seyfi', 'Dursun', '1');
INSERT INTO KAYITLI_HASTALAR VALUES
(11123422104, 'Yunus', 'Bayram', '0');
INSERT INTO KAYITLI_HASTALAR VALUES
(11143574105, 'Ayşe', 'Bayrak', '1');
INSERT INTO KAYITLI_HASTALAR VALUES
(11123521106, 'Funda', 'Arar', '1');
INSERT INTO KAYITLI_HASTALAR VALUES
(10000000000, 'Soner', 'Sarı', '0');

-- RANDEVULAR
INSERT INTO RANDEVULAR VALUES
(NEXTVAL('RANDEVU_NO_GENERATOR'), 11736213551, 11765432107, 630, '2021-06-22 13:00:00', 0);
INSERT INTO RANDEVULAR VALUES
(NEXTVAL('RANDEVU_NO_GENERATOR'), 11392841221, 11763423569, 821, '2021-06-22 13:00:00', 1);
INSERT INTO RANDEVULAR VALUES
(NEXTVAL('RANDEVU_NO_GENERATOR'), 11382913250, 11947285642, 590, '2021-06-22 13:00:00', 0);
INSERT INTO RANDEVULAR VALUES
(NEXTVAL('RANDEVU_NO_GENERATOR'), 11123521103, 11736213544, 950, '2021-06-22 13:00:00', 1);

-- MUAYENELER
INSERT INTO MUAYENELER VALUES
(DEFAULT, 11123521106, 11765432107, 250, 'HASTA UZAGI GOREMIYO', 'RECETE', 0);
INSERT INTO MUAYENELER VALUES
(DEFAULT, 11123422104, 11763423569, 250, 'BILMEM NE VAR ADAMIN', 'RECETE', 0);
INSERT INTO MUAYENELER VALUES
(DEFAULT, 11992723812, 11947285642, 250, 'BEL FITIGI', 'RAPOR', 0);
INSERT INTO MUAYENELER VALUES
(DEFAULT, 10000000000, 11736213544, 250, 'DEPRESYON', 'RECETE', 0);

-- ÇALIŞANLAR
INSERT INTO CALISANLAR VALUES
('kullanici1', '1234', 'Vezne');
INSERT INTO CALISANLAR VALUES
('kullanici2', '1234', 'Kayit');
INSERT INTO CALISANLAR VALUES
('kullanici3', '1234', 'Sistem');